timestamp,prompt,latency_s,tokens_per_sec,acceptance_rate,cache_hit,draft_model,fallback_triggered,fallback_reason,batch_size
2026-07-10T16:31:59.147393+00:00,The best way to learn programming is,4.6235,6.86,0.8571,False,gpt2-medium,False,,1
2026-07-10T16:32:11.550762+00:00,What is the best way to learn programming?,0.6165,6.86,0.8571,True,gpt2-medium,False,,1
2026-07-10T16:34:54.000330+00:00,The most important skill for a data analyst is (case #0),4.7935,5.11,0.3333,False,gpt2-medium,False,,1
2026-07-10T16:34:55.970505+00:00,The recipe for a good cup of coffee is (case #1),1.9634,10.43,0.5833,False,gpt2,False,,8
2026-07-10T16:34:56.024832+00:00,"The best way to learn programming is, in my opinion,",0.054,6.86,0.8571,True,gpt2-medium,False,,8
2026-07-10T16:34:58.633136+00:00,The history of computers began when (case #3),2.6081,8.35,0.2895,False,gpt2,False,,8
2026-07-10T16:35:00.050098+00:00,Climate change is a serious problem because (case #4),1.4167,15.43,0.9412,False,gpt2,False,,8
2026-07-10T16:35:01.801252+00:00,Artificial intelligence will change the world by,1.7509,11.75,0.6667,False,gpt2,False,,8
2026-07-10T16:35:03.406073+00:00,The economy is likely to shift as (case #6),1.6043,13.48,0.4815,False,gpt2,False,,8
2026-07-10T16:35:05.599951+00:00,A good leader should always,2.1936,9.94,0.6818,False,gpt2,False,,8
2026-07-10T16:35:06.969139+00:00,"The key to writing clean code is, in my opinion,",1.369,15.82,0.4333,False,gpt2,False,,8
2026-07-10T16:35:07.030992+00:00,"Artificial intelligence will change the world by, in my opinion,",0.0101,11.75,0.6667,True,gpt2,False,,2
2026-07-10T16:35:07.046742+00:00,Artificial intelligence will change the world by,0.0156,11.75,0.6667,True,gpt2,False,,2
2026-07-10T16:35:08.573253+00:00,The internet has changed how we (case #11),1.5084,14.36,0.375,False,gpt2,False,,8
2026-07-10T16:35:08.587915+00:00,The best way to learn programming is,0.0144,6.86,0.8571,True,gpt2-medium,False,,8
2026-07-10T16:35:08.601055+00:00,"The key to writing clean code is, in my opinion,",0.013,15.82,0.4333,True,gpt2,False,,8
2026-07-10T16:35:10.112043+00:00,The economy is likely to shift as (case #14),1.5108,14.27,0.4062,False,gpt2,False,,8
2026-07-10T16:35:11.297547+00:00,"In the future, machine learning models will",1.1852,20.1,0.75,False,gpt2,False,,8
2026-07-10T16:35:11.365958+00:00,"A good leader should always, in my opinion,",0.0681,9.94,0.6818,True,gpt2,False,,8
2026-07-10T16:35:11.380984+00:00,"Artificial intelligence will change the world by, in my opinion,",0.0148,11.75,0.6667,True,gpt2,False,,8
2026-07-10T16:35:11.389941+00:00,"Artificial intelligence will change the world by, in my opinion,",0.0088,11.75,0.6667,True,gpt2,False,,8
2026-07-10T16:35:13.167009+00:00,The recipe for a good cup of coffee is (case #19),1.7758,12.17,0.3143,False,gpt2,False,,8
2026-07-10T16:35:15.155385+00:00,Learning a new language requires (case #20),1.9881,10.3,0.2632,False,gpt2,False,,8
2026-07-10T16:35:15.169761+00:00,The key to writing clean code is,0.0141,15.82,0.4333,True,gpt2,False,,8
2026-07-10T16:35:15.182036+00:00,"The key to writing clean code is, in my opinion,",0.0121,15.82,0.4333,True,gpt2,False,,8
2026-07-10T16:35:16.178409+00:00,The history of computers began when (case #23),0.9962,20.78,0.6087,False,gpt2,False,,8
2026-07-10T16:35:17.380276+00:00,The stock market moved today because (case #24),1.2017,18.01,0.5,False,gpt2,False,,8
2026-07-10T16:35:17.393976+00:00,Artificial intelligence will change the world by,0.0135,11.75,0.6667,True,gpt2,False,,8
2026-07-10T16:35:17.406398+00:00,A good leader should always,0.0123,9.94,0.6818,True,gpt2,False,,8
2026-07-10T16:35:17.415045+00:00,The best way to learn programming is,0.0075,6.86,0.8571,True,gpt2-medium,False,,8
2026-07-10T16:35:17.422482+00:00,The key to writing clean code is,0.0073,15.82,0.4333,True,gpt2,False,,8
2026-07-10T16:35:17.433921+00:00,"A good leader should always, in my opinion,",0.0113,9.94,0.6818,True,gpt2,False,,8
2026-07-10T16:35:17.445901+00:00,"In the future, machine learning models will",0.0118,20.1,0.75,True,gpt2,False,,8
2026-07-10T16:35:18.873007+00:00,Cities of the future will need to (case #31),1.4268,15.15,0.375,False,gpt2,False,,8
2026-07-10T16:35:18.886068+00:00,Artificial intelligence will change the world by,0.0128,11.75,0.6667,True,gpt2,False,,8
2026-07-10T16:35:20.155623+00:00,Renewable energy is important since (case #33),1.2694,16.26,0.4,False,gpt2,False,,8
2026-07-10T16:35:21.283355+00:00,The best advice I ever received was (case #34),1.1275,19.3,0.5833,False,gpt2,False,,8
2026-07-10T16:35:21.297393+00:00,Learning a new language requires (case #35),0.0132,10.3,0.2632,True,gpt2,False,,8
2026-07-10T16:35:21.305177+00:00,"Artificial intelligence will change the world by, in my opinion,",0.0076,11.75,0.6667,True,gpt2,False,,8
2026-07-10T16:35:21.312704+00:00,"The best way to learn programming is, in my opinion,",0.0074,6.86,0.8571,True,gpt2-medium,False,,8
2026-07-10T16:35:21.320063+00:00,"Artificial intelligence will change the world by, in my opinion,",0.0072,11.75,0.6667,True,gpt2,False,,8
2026-07-10T16:35:21.332080+00:00,The best way to learn programming is,0.0119,6.86,0.8571,True,gpt2-medium,False,,8
2026-07-10T16:35:21.339671+00:00,Cities of the future will need to (case #40),0.0075,15.15,0.375,True,gpt2,False,,8
2026-07-10T16:35:21.346933+00:00,"A good leader should always, in my opinion,",0.0072,9.94,0.6818,True,gpt2,False,,8
2026-07-10T16:35:21.354292+00:00,"The best way to learn programming is, in my opinion,",0.0073,6.86,0.8571,True,gpt2-medium,False,,8
2026-07-10T16:35:21.362937+00:00,"The key to writing clean code is, in my opinion,",0.0076,15.82,0.4333,True,gpt2,False,,8
2026-07-10T16:35:21.370345+00:00,The key to writing clean code is,0.0073,15.82,0.4333,True,gpt2,False,,8
2026-07-10T16:35:21.378118+00:00,"The key to writing clean code is, in my opinion,",0.0077,15.82,0.4333,True,gpt2,False,,8
2026-07-10T16:35:23.233247+00:00,Scientists recently discovered that (case #46),1.855,11.1,0.2857,False,gpt2,False,,8
2026-07-10T16:35:24.552491+00:00,The biggest challenge in software engineering is (case #47),1.319,16.47,0.4333,False,gpt2,False,,8
2026-07-10T16:35:24.566181+00:00,Scientists recently discovered that (case #48),0.0134,11.1,0.2857,True,gpt2,False,,8
2026-07-10T16:35:25.749910+00:00,My favorite way to relax on weekends is (case #49),1.1836,18.03,0.4815,False,gpt2,False,,8
2026-07-10T16:35:25.763440+00:00,"Artificial intelligence will change the world by, in my opinion,",0.0133,11.75,0.6667,True,gpt2,False,,8
2026-07-10T16:35:27.209054+00:00,Scientists recently discovered that (case #51),1.4447,15.0,0.3636,False,gpt2,False,,8
2026-07-10T16:35:28.332556+00:00,The next big breakthrough in technology will be (case #52),1.1232,19.42,0.56,False,gpt2,False,,8
2026-07-10T16:35:28.347792+00:00,The best way to learn programming is,0.015,6.86,0.8571,True,gpt2-medium,False,,8
2026-07-10T16:35:28.368636+00:00,The key to writing clean code is,0.0207,15.82,0.4333,True,gpt2,False,,8
2026-07-10T16:35:28.398351+00:00,"A good leader should always, in my opinion,",0.0294,9.94,0.6818,True,gpt2,False,,8
2026-07-10T16:35:28.418485+00:00,"In the future, machine learning models will, in my opinion,",0.0195,20.1,0.75,True,gpt2,False,,8
2026-07-10T16:35:29.894890+00:00,The economy is likely to shift as (case #57),1.4761,14.16,0.375,False,gpt2,False,,8
2026-07-10T16:35:29.908220+00:00,My favorite way to relax on weekends is (case #58),0.0131,18.03,0.4815,True,gpt2,False,,8
2026-07-10T16:35:29.977550+00:00,The economy is likely to shift as (case #59),0.0181,14.16,0.375,True,gpt2,False,,2
2026-07-10T16:35:30.008270+00:00,"A good leader should always, in my opinion,",0.0303,9.94,0.6818,True,gpt2,False,,2
2026-07-10T16:35:30.065318+00:00,"Artificial intelligence will change the world by, in my opinion,",0.0184,11.75,0.6667,True,gpt2,False,,8
2026-07-10T16:35:31.345916+00:00,Space exploration matters because (case #62),1.2803,17.08,0.5385,False,gpt2,False,,8
2026-07-10T16:35:32.628133+00:00,Learning a new language requires (case #63),1.2816,16.12,0.52,False,gpt2,False,,8
2026-07-10T16:35:33.742529+00:00,The future of remote work looks like (case #64),1.1142,18.4,0.6364,False,gpt2,False,,8
2026-07-10T16:35:33.754990+00:00,A good leader should always,0.0122,9.94,0.6818,True,gpt2,False,,8
2026-07-10T16:35:33.780245+00:00,The best way to learn programming is,0.0251,6.86,0.8571,True,gpt2-medium,False,,8
2026-07-10T16:35:33.818662+00:00,The recipe for a good cup of coffee is (case #67),0.038,12.17,0.3143,True,gpt2,False,,8
2026-07-10T16:35:33.829953+00:00,The most important skill for a data analyst is (case #68),0.0109,5.11,0.3333,True,gpt2-medium,False,,8
2026-07-10T16:35:33.845254+00:00,The best way to learn programming is,0.0129,6.86,0.8571,True,gpt2-medium,False,,8
2026-07-10T16:35:35.182600+00:00,A healthy morning routine includes (case #70),1.337,16.35,0.5385,False,gpt2,False,,8
2026-07-10T16:35:35.196365+00:00,Artificial intelligence will change the world by,0.0135,11.75,0.6667,True,gpt2,False,,8
2026-07-10T16:35:35.222356+00:00,A good leader should always,0.0258,9.94,0.6818,True,gpt2,False,,8
2026-07-10T16:35:36.543931+00:00,Building a strong team means (case #73),1.3212,15.79,0.52,False,gpt2,False,,8
2026-07-10T16:35:38.000856+00:00,The recipe for a good cup of coffee is (case #74),1.4567,14.14,0.3871,False,gpt2,False,,8
2026-07-10T16:35:39.325077+00:00,The best advice I ever received was (case #75),1.324,16.41,0.4815,False,gpt2,False,,8
2026-07-10T16:35:39.334195+00:00,"The best way to learn programming is, in my opinion,",0.0086,6.86,0.8571,True,gpt2-medium,False,,8
2026-07-10T16:35:39.367254+00:00,"In the future, machine learning models will",0.0316,20.1,0.75,True,gpt2,False,,8
2026-07-10T16:35:40.850868+00:00,The internet has changed how we (case #78),1.4832,14.76,0.4333,False,gpt2,False,,8
2026-07-10T16:35:40.867236+00:00,"The key to writing clean code is, in my opinion,",0.0161,15.82,0.4333,True,gpt2,False,,8
2026-07-10T16:35:40.895197+00:00,Artificial intelligence will change the world by,0.0278,11.75,0.6667,True,gpt2,False,,8
2026-07-10T16:35:40.923473+00:00,"In the future, machine learning models will",0.0279,20.1,0.75,True,gpt2,False,,8
2026-07-10T16:35:40.943800+00:00,The best way to learn programming is,0.0199,6.86,0.8571,True,gpt2-medium,False,,8
2026-07-10T16:35:42.513785+00:00,The economy is likely to shift as (case #83),1.5696,13.13,0.3333,False,gpt2,False,,8
2026-07-10T16:35:42.527658+00:00,"A good leader should always, in my opinion,",0.0136,9.94,0.6818,True,gpt2,False,,8
2026-07-10T16:35:43.953746+00:00,The recipe for a good cup of coffee is (case #85),1.4247,15.33,0.4815,False,gpt2,False,,8
2026-07-10T16:35:43.966670+00:00,"In the future, machine learning models will",0.0127,20.1,0.75,True,gpt2,False,,8
2026-07-10T16:35:45.274440+00:00,Climate change is a serious problem because (case #87),1.3076,16.8,0.56,False,gpt2,False,,8
2026-07-10T16:35:45.285715+00:00,"The best way to learn programming is, in my opinion,",0.0108,6.86,0.8571,True,gpt2-medium,False,,8
2026-07-10T16:35:45.331610+00:00,"In the future, machine learning models will",0.0457,20.1,0.75,True,gpt2,False,,8
2026-07-10T16:35:46.419861+00:00,The economy is likely to shift as (case #90),1.0879,19.86,0.7143,False,gpt2,False,,8
2026-07-10T16:35:47.445388+00:00,The role of a good manager is to (case #91),1.0253,20.06,0.75,False,gpt2,False,,8
2026-07-10T16:35:47.457619+00:00,The key to writing clean code is,0.012,15.82,0.4333,True,gpt2,False,,8
2026-07-10T16:35:47.489299+00:00,A good leader should always,0.0297,9.94,0.6818,True,gpt2,False,,8
2026-07-10T16:35:47.518121+00:00,"The best way to learn programming is, in my opinion,",0.0285,6.86,0.8571,True,gpt2-medium,False,,8
2026-07-10T16:35:47.538222+00:00,A good leader should always,0.0197,9.94,0.6818,True,gpt2,False,,8
2026-07-10T16:35:49.037628+00:00,The history of computers began when (case #96),1.499,13.97,0.4643,False,gpt2,False,,8
2026-07-10T16:35:49.057953+00:00,The history of computers began when (case #97),0.02,13.97,0.4643,True,gpt2,False,,8
2026-07-10T16:35:49.106128+00:00,The recipe for a good cup of coffee is (case #98),0.0478,15.33,0.4815,True,gpt2,False,,8
2026-07-10T16:35:49.137455+00:00,A good leader should always,0.0309,9.94,0.6818,True,gpt2,False,,8
2026-07-10T16:35:50.860916+00:00,The next big breakthrough in technology will be (case #100),1.7231,12.62,0.3143,False,gpt2,False,,8
2026-07-10T16:35:50.876475+00:00,"A good leader should always, in my opinion,",0.0147,9.94,0.6818,True,gpt2,False,,8
2026-07-10T16:35:50.911192+00:00,The key to writing clean code is,0.0346,15.82,0.4333,True,gpt2,False,,8
2026-07-10T16:35:50.941044+00:00,The recipe for a good cup of coffee is (case #103),0.0295,15.33,0.4815,True,gpt2,False,,8
2026-07-10T16:35:50.970615+00:00,"Artificial intelligence will change the world by, in my opinion,",0.0292,11.75,0.6667,True,gpt2,False,,8
2026-07-10T16:35:50.989982+00:00,"The key to writing clean code is, in my opinion,",0.019,15.82,0.4333,True,gpt2,False,,8
2026-07-10T16:35:51.008339+00:00,The most important skill for a data analyst is (case #106),0.018,5.11,0.3333,True,gpt2-medium,False,,8
2026-07-10T16:35:51.025443+00:00,"A good leader should always, in my opinion,",0.0167,9.94,0.6818,True,gpt2,False,,8
2026-07-10T16:35:51.045456+00:00,"Artificial intelligence will change the world by, in my opinion,",0.0197,11.75,0.6667,True,gpt2,False,,8
2026-07-10T16:35:51.074211+00:00,"The key to writing clean code is, in my opinion,",0.0249,15.82,0.4333,True,gpt2,False,,8
2026-07-10T16:35:52.309455+00:00,The future of remote work looks like (case #110),1.2349,18.09,0.6522,False,gpt2,False,,8
2026-07-10T16:35:52.323625+00:00,"In the future, machine learning models will, in my opinion,",0.0137,20.1,0.75,True,gpt2,False,,8
2026-07-10T16:35:53.745791+00:00,The next big breakthrough in technology will be (case #112),1.422,15.26,0.4333,False,gpt2,False,,8
2026-07-10T16:35:54.946057+00:00,Scientists recently discovered that (case #113),1.2,17.31,0.6087,False,gpt2,False,,8
2026-07-10T16:35:54.960021+00:00,A good leader should always,0.0137,9.94,0.6818,True,gpt2,False,,8
2026-07-10T16:35:54.987293+00:00,My favorite way to relax on weekends is (case #115),0.0271,18.03,0.4815,True,gpt2,False,,8
2026-07-10T16:35:55.019142+00:00,"The best way to learn programming is, in my opinion,",0.0315,6.86,0.8571,True,gpt2-medium,False,,8
2026-07-10T16:35:55.042757+00:00,"The key to writing clean code is, in my opinion,",0.0209,15.82,0.4333,True,gpt2,False,,8
2026-07-10T16:35:55.062068+00:00,Space exploration matters because (case #118),0.0189,17.08,0.5385,True,gpt2,False,,8
2026-07-10T16:35:56.325017+00:00,Renewable energy is important since (case #119),1.2626,17.38,0.56,False,gpt2,False,,8
2026-07-10T16:35:56.338612+00:00,"The key to writing clean code is, in my opinion,",0.0134,15.82,0.4333,True,gpt2,False,,8
2026-07-10T16:35:57.649687+00:00,The history of computers began when (case #121),1.3109,16.74,0.5385,False,gpt2,False,,8
2026-07-10T16:35:57.663049+00:00,Renewable energy is important since (case #122),0.0131,17.38,0.56,True,gpt2,False,,8
2026-07-10T16:35:57.693999+00:00,"The key to writing clean code is, in my opinion,",0.0308,15.82,0.4333,True,gpt2,False,,8
2026-07-10T16:35:57.713259+00:00,Renewable energy is important since (case #124),0.0189,17.38,0.56,True,gpt2,False,,8
2026-07-10T16:35:57.750222+00:00,"In the future, machine learning models will, in my opinion,",0.035,20.1,0.75,True,gpt2,False,,8
2026-07-10T16:35:57.778145+00:00,The best way to learn programming is,0.0275,6.86,0.8571,True,gpt2-medium,False,,8
2026-07-10T16:35:59.656134+00:00,My favorite way to relax on weekends is (case #127),1.8776,11.54,0.2439,False,gpt2,False,,8
2026-07-10T16:35:59.671100+00:00,"The key to writing clean code is, in my opinion,",0.0145,15.82,0.4333,True,gpt2,False,,8
2026-07-10T16:35:59.702378+00:00,Artificial intelligence will change the world by,0.0311,11.75,0.6667,True,gpt2,False,,8
2026-07-10T16:35:59.725335+00:00,"The best way to learn programming is, in my opinion,",0.0226,6.86,0.8571,True,gpt2-medium,False,,8
2026-07-10T16:35:59.744401+00:00,"Artificial intelligence will change the world by, in my opinion,",0.0187,11.75,0.6667,True,gpt2,False,,8
2026-07-10T16:35:59.774664+00:00,"A good leader should always, in my opinion,",0.0299,9.94,0.6818,True,gpt2,False,,8
2026-07-10T16:35:59.803808+00:00,"A good leader should always, in my opinion,",0.0255,9.94,0.6818,True,gpt2,False,,8
2026-07-10T16:36:01.276964+00:00,The recipe for a good cup of coffee is (case #134),1.4728,14.17,0.3871,False,gpt2,False,,8
2026-07-10T16:36:03.141454+00:00,The stock market moved today because (case #135),1.8642,11.55,0.2439,False,gpt2,False,,8
2026-07-10T16:36:03.161466+00:00,The most important skill for a data analyst is (case #136),0.0198,5.11,0.3333,True,gpt2-medium,False,,8
2026-07-10T16:36:03.187068+00:00,"The key to writing clean code is, in my opinion,",0.0254,15.82,0.4333,True,gpt2,False,,8
2026-07-10T16:36:03.218569+00:00,Artificial intelligence will change the world by,0.0312,11.75,0.6667,True,gpt2,False,,8
2026-07-10T16:36:04.473345+00:00,The internet has changed how we (case #139),1.2544,16.63,0.5833,False,gpt2,False,,8
2026-07-10T16:36:04.487145+00:00,"The best way to learn programming is, in my opinion,",0.0135,6.86,0.8571,True,gpt2-medium,False,,8
2026-07-10T16:36:04.534651+00:00,"In the future, machine learning models will",0.0431,20.1,0.75,True,gpt2,False,,8
2026-07-10T16:36:04.565408+00:00,The recipe for a good cup of coffee is (case #142),0.0304,14.17,0.3871,True,gpt2,False,,8
2026-07-10T16:36:04.600228+00:00,Artificial intelligence will change the world by,0.0344,11.75,0.6667,True,gpt2,False,,8
2026-07-10T16:36:04.634607+00:00,"The best way to learn programming is, in my opinion,",0.034,6.86,0.8571,True,gpt2-medium,False,,8
2026-07-10T16:36:04.661249+00:00,A good leader should always,0.0263,9.94,0.6818,True,gpt2,False,,8
2026-07-10T16:36:06.244132+00:00,The economy is likely to shift as (case #146),1.5827,13.74,0.3636,False,gpt2,False,,8
2026-07-10T16:36:06.259667+00:00,The best way to learn programming is,0.0151,6.86,0.8571,True,gpt2-medium,False,,8
2026-07-10T16:36:07.882406+00:00,The stock market moved today because (case #148),1.6226,13.44,0.3429,False,gpt2,False,,8
2026-07-10T16:36:09.493860+00:00,Renewable energy is important since (case #149),1.6105,12.8,0.3143,False,gpt2,False,,8
2026-07-10T16:36:09.507542+00:00,A good leader should always,0.0134,9.94,0.6818,True,gpt2,False,,8
2026-07-10T16:36:09.524786+00:00,A healthy morning routine includes (case #151),0.0171,16.35,0.5385,True,gpt2,False,,8
2026-07-10T16:36:09.545578+00:00,A good leader should always,0.0205,9.94,0.6818,True,gpt2,False,,8
2026-07-10T16:36:11.026264+00:00,Space exploration matters because (case #153),1.4804,14.1,0.4138,False,gpt2,False,,8
2026-07-10T16:36:11.039728+00:00,"In the future, machine learning models will",0.0132,20.1,0.75,True,gpt2,False,,8
2026-07-10T16:36:12.353537+00:00,The economy is likely to shift as (case #155),1.3137,16.75,0.5385,False,gpt2,False,,8
2026-07-10T16:36:12.366834+00:00,Space exploration matters because (case #156),0.0129,14.1,0.4138,True,gpt2,False,,8
2026-07-10T16:36:12.436882+00:00,"The best way to learn programming is, in my opinion,",0.0187,6.86,0.8571,True,gpt2-medium,False,,4
2026-07-10T16:36:13.600292+00:00,The next big breakthrough in technology will be (case #158),1.1631,18.8,0.625,False,gpt2,False,,4
2026-07-10T16:36:13.612358+00:00,"The best way to learn programming is, in my opinion,",0.0119,6.86,0.8571,True,gpt2-medium,False,,4
2026-07-10T16:36:13.634033+00:00,"The key to writing clean code is, in my opinion,",0.0215,15.82,0.4333,True,gpt2,False,,4
2026-07-11T10:57:55.042438+00:00,Unique verification prompt number 0 about the weather,3.7453,4.72,0.4545,False,gpt2,False,,8
2026-07-11T10:57:55.053331+00:00,Unique verification prompt number 1 about the weather,3.7525,4.72,0.4545,True,gpt2,False,,8
2026-07-11T10:57:55.061821+00:00,Unique verification prompt number 2 about the weather,3.7609,4.72,0.4545,True,gpt2,False,,8
2026-07-11T10:57:55.070027+00:00,Unique verification prompt number 3 about the weather,3.769,4.72,0.4545,True,gpt2,False,,8
2026-07-11T10:57:55.077950+00:00,Unique verification prompt number 4 about the weather,3.7769,4.72,0.4545,True,gpt2,False,,8
2026-07-11T10:57:55.086070+00:00,Unique verification prompt number 5 about the weather,3.7849,4.72,0.4545,True,gpt2,False,,8
2026-07-11T10:57:55.094033+00:00,Unique verification prompt number 6 about the weather,3.7929,4.72,0.4545,True,gpt2,False,,8
2026-07-11T10:57:55.102031+00:00,Unique verification prompt number 7 about the weather,3.8008,4.72,0.4545,True,gpt2,False,,8
2026-07-11T10:59:45.522851+00:00,Second round distinct prompt index 0 discussing rivers,2.4646,8.5,0.6111,False,gpt2,False,,8
2026-07-11T10:59:45.533077+00:00,Second round distinct prompt index 1 discussing rivers,2.4686,8.5,0.6111,True,gpt2,False,,8
2026-07-11T10:59:45.540798+00:00,Second round distinct prompt index 2 discussing rivers,2.4762,8.5,0.6111,True,gpt2,False,,8
2026-07-11T10:59:45.548381+00:00,Second round distinct prompt index 3 discussing rivers,2.4836,8.5,0.6111,True,gpt2,False,,8
2026-07-11T10:59:45.555915+00:00,Second round distinct prompt index 4 discussing rivers,2.4911,8.5,0.6111,True,gpt2,False,,8
2026-07-11T10:59:45.563427+00:00,Second round distinct prompt index 5 discussing rivers,2.4985,8.5,0.6111,True,gpt2,False,,8
2026-07-11T10:59:45.570826+00:00,Second round distinct prompt index 6 discussing rivers,2.5058,8.5,0.6111,True,gpt2,False,,8
2026-07-11T10:59:45.578363+00:00,Second round distinct prompt index 7 discussing rivers,2.5131,8.5,0.6111,True,gpt2,False,,8
2026-07-11T11:20:08.754320+00:00,"Artificial intelligence will change the world by, in my opinion,",10.2447,3.07,0.75,False,gpt2-medium,False,,1
2026-07-11T11:20:12.011487+00:00,The best way to learn programming is,3.2399,7.06,0.4483,False,gpt2,False,,8
2026-07-11T11:20:12.027237+00:00,"The best way to learn programming is, in my opinion,",3.254,7.06,0.4483,True,gpt2,False,,8
2026-07-11T11:20:15.308861+00:00,The next big breakthrough in technology will be (case #3),6.5354,7.43,0.2564,False,gpt2,False,,8
2026-07-11T11:20:17.862621+00:00,The economy is likely to shift as (case #4),9.0891,9.15,0.3429,False,gpt2,False,,8
2026-07-11T11:20:18.852373+00:00,The best advice I ever received was (case #5),10.0788,21.07,0.75,False,gpt2,False,,8
2026-07-11T11:20:18.860671+00:00,"The best way to learn programming is, in my opinion,",10.087,7.06,0.4483,True,gpt2,False,,8
2026-07-11T11:20:21.129203+00:00,Learning a new language requires (case #7),12.3553,10.55,0.3871,False,gpt2,False,,8
2026-07-11T11:20:21.147305+00:00,"Artificial intelligence will change the world by, in my opinion,",12.3735,3.07,0.75,True,gpt2-medium,False,,8
2026-07-11T11:20:23.245378+00:00,"In the future, machine learning models will, in my opinion,",14.4715,10.45,0.5385,False,gpt2-medium,False,,2
2026-07-11T11:20:25.421312+00:00,A good leader should always,16.6473,10.05,0.8,False,gpt2-medium,False,,2
2026-07-11T11:20:25.452539+00:00,A good leader should always,0.0177,10.05,0.8,True,gpt2-medium,False,,8
2026-07-11T11:20:27.530295+00:00,The stock market moved today because (case #12),2.0938,10.59,0.3143,False,gpt2,False,,8
2026-07-11T11:20:27.546684+00:00,"The best way to learn programming is, in my opinion,",2.1101,7.06,0.4483,True,gpt2,False,,8
2026-07-11T11:20:27.561033+00:00,"A good leader should always, in my opinion,",2.1226,10.05,0.8,True,gpt2-medium,False,,8
2026-07-11T11:20:28.906958+00:00,Climate change is a serious problem because (case #15),3.4684,15.41,0.5,False,gpt2,False,,8
2026-07-11T11:20:28.921871+00:00,A good leader should always,3.483,10.05,0.8,True,gpt2-medium,False,,8
2026-07-11T11:20:30.585300+00:00,A healthy morning routine includes (case #17),5.1462,13.17,0.4333,False,gpt2,False,,8
2026-07-11T11:20:30.609874+00:00,"In the future, machine learning models will",5.1708,10.45,0.5385,True,gpt2-medium,False,,8
2026-07-11T11:20:30.625455+00:00,A healthy morning routine includes (case #19),5.1863,13.17,0.4333,True,gpt2,False,,8
2026-07-11T11:20:30.640364+00:00,A good leader should always,5.2011,10.05,0.8,True,gpt2-medium,False,,8
2026-07-11T11:20:31.700639+00:00,The next big breakthrough in technology will be (case #21),6.2613,19.38,0.6087,False,gpt2,False,,8
2026-07-11T11:20:31.714917+00:00,"A good leader should always, in my opinion,",6.2756,10.05,0.8,True,gpt2-medium,False,,8
2026-07-11T11:20:32.857694+00:00,"The key to writing clean code is, in my opinion,",7.4182,19.02,0.6818,False,gpt2,False,,8
2026-07-11T11:20:32.870035+00:00,"In the future, machine learning models will, in my opinion,",7.4305,10.45,0.5385,True,gpt2-medium,False,,8
2026-07-11T11:20:32.878259+00:00,"Artificial intelligence will change the world by, in my opinion,",7.4387,3.07,0.75,True,gpt2-medium,False,,8
2026-07-11T11:20:34.973535+00:00,My favorite way to relax on weekends is (case #26),9.5338,11.2,0.375,False,gpt2,False,,8
2026-07-11T11:20:37.554027+00:00,The biggest challenge in software engineering is (case #27),12.1142,9.61,0.2273,False,gpt2,False,,8
2026-07-11T11:20:37.572987+00:00,A good leader should always,12.1332,10.05,0.8,True,gpt2-medium,False,,8
2026-07-11T11:20:37.590316+00:00,My favorite way to relax on weekends is (case #29),12.1505,11.2,0.375,True,gpt2,False,,8
2026-07-11T11:20:37.608206+00:00,The best way to learn programming is,12.1683,7.06,0.4483,True,gpt2,False,,8
2026-07-11T11:20:37.618305+00:00,The key to writing clean code is,12.1784,19.02,0.6818,True,gpt2,False,,8
2026-07-11T11:20:37.628157+00:00,"The key to writing clean code is, in my opinion,",12.1882,19.02,0.6818,True,gpt2,False,,8
2026-07-11T11:20:37.648586+00:00,A healthy morning routine includes (case #33),12.2086,13.17,0.4333,True,gpt2,False,,8
2026-07-11T11:20:37.660060+00:00,Learning a new language requires (case #34),12.2197,10.55,0.3871,True,gpt2,False,,8
2026-07-11T11:20:37.677860+00:00,The best way to learn programming is,12.2375,7.06,0.4483,True,gpt2,False,,8
2026-07-11T11:20:37.693129+00:00,"In the future, machine learning models will",12.2527,10.45,0.5385,True,gpt2-medium,False,,8
2026-07-11T11:20:37.701516+00:00,Learning a new language requires (case #37),12.261,10.55,0.3871,True,gpt2,False,,8
2026-07-11T11:20:37.709909+00:00,A good leader should always,12.2694,10.05,0.8,True,gpt2-medium,False,,8
2026-07-11T11:20:37.719820+00:00,Learning a new language requires (case #39),12.2792,10.55,0.3871,True,gpt2,False,,8
2026-07-11T11:20:37.731443+00:00,"Artificial intelligence will change the world by, in my opinion,",12.2908,3.07,0.75,True,gpt2-medium,False,,8
2026-07-11T11:20:40.133252+00:00,Space exploration matters because (case #41),14.6923,10.36,0.275,False,gpt2,False,,8
2026-07-11T11:20:41.380829+00:00,Climate change is a serious problem because (case #42),15.9398,16.66,0.4815,False,gpt2,False,,8
2026-07-11T11:20:41.390129+00:00,The biggest challenge in software engineering is (case #43),15.9486,9.61,0.2273,True,gpt2,False,,8
2026-07-11T11:20:41.397783+00:00,"Artificial intelligence will change the world by, in my opinion,",15.9562,3.07,0.75,True,gpt2-medium,False,,8
2026-07-11T11:20:42.588446+00:00,Learning a new language requires (case #45),17.1467,17.59,0.5833,False,gpt2,False,,8
2026-07-11T11:20:42.604593+00:00,"In the future, machine learning models will, in my opinion,",17.1628,10.45,0.5385,True,gpt2-medium,False,,8
2026-07-11T11:20:42.618424+00:00,"The best way to learn programming is, in my opinion,",17.1764,7.06,0.4483,True,gpt2,False,,8
2026-07-11T11:20:43.690049+00:00,Scientists recently discovered that (case #48),18.2479,20.55,0.6818,False,gpt2,False,,8
2026-07-11T11:20:43.698922+00:00,Scientists recently discovered that (case #49),18.2567,20.55,0.6818,True,gpt2,False,,8
2026-07-11T11:20:45.041467+00:00,The internet has changed how we (case #50),19.5985,16.21,0.5385,False,gpt2,False,,8
2026-07-11T11:20:46.038620+00:00,Renewable energy is important since (case #51),20.5956,21.74,0.7143,False,gpt2,False,,8
2026-07-11T11:20:46.052178+00:00,"In the future, machine learning models will, in my opinion,",20.6091,10.45,0.5385,True,gpt2-medium,False,,8
2026-07-11T11:20:46.067978+00:00,The best way to learn programming is,20.6249,7.06,0.4483,True,gpt2,False,,8
2026-07-11T11:20:46.076357+00:00,"A good leader should always, in my opinion,",20.6332,10.05,0.8,True,gpt2-medium,False,,8
2026-07-11T11:20:46.089735+00:00,"In the future, machine learning models will",20.6466,10.45,0.5385,True,gpt2-medium,False,,8
2026-07-11T11:20:46.097567+00:00,The best way to learn programming is,20.6543,7.06,0.4483,True,gpt2,False,,8
2026-07-11T11:20:46.111434+00:00,"Artificial intelligence will change the world by, in my opinion,",20.6681,3.07,0.75,True,gpt2-medium,False,,8
2026-07-11T11:20:46.119129+00:00,Artificial intelligence will change the world by,20.6758,3.07,0.75,True,gpt2-medium,False,,8
2026-07-11T11:20:46.182692+00:00,The key to writing clean code is,20.7393,19.02,0.6818,True,gpt2,False,,2
2026-07-11T11:20:47.745222+00:00,The history of computers began when (case #60),22.3018,13.04,0.5833,False,gpt2-medium,False,,2
2026-07-11T11:20:47.784703+00:00,The key to writing clean code is,0.0227,19.02,0.6818,True,gpt2,False,,8
2026-07-11T11:20:47.805407+00:00,Artificial intelligence will change the world by,0.0426,3.07,0.75,True,gpt2-medium,False,,8
2026-07-11T11:20:47.829239+00:00,The biggest challenge in software engineering is (case #63),0.0663,9.61,0.2273,True,gpt2,False,,8
2026-07-11T11:20:50.025256+00:00,Cities of the future will need to (case #64),2.2622,11.05,0.3871,False,gpt2,False,,8
2026-07-11T11:20:50.040040+00:00,"In the future, machine learning models will, in my opinion,",2.2769,10.45,0.5385,True,gpt2-medium,False,,8
2026-07-11T11:20:50.082056+00:00,A good leader should always,2.3188,10.05,0.8,True,gpt2-medium,False,,8
2026-07-11T11:20:50.100252+00:00,"In the future, machine learning models will, in my opinion,",2.337,10.45,0.5385,True,gpt2-medium,False,,8
2026-07-11T11:20:50.115223+00:00,A good leader should always,2.3519,10.05,0.8,True,gpt2-medium,False,,8
2026-07-11T11:20:50.132114+00:00,My favorite way to relax on weekends is (case #69),2.3687,11.2,0.375,True,gpt2,False,,8
2026-07-11T11:20:51.396767+00:00,The most important skill for a data analyst is (case #70),3.6333,17.83,0.8824,False,gpt2,False,,8
2026-07-11T11:20:53.180945+00:00,The history of computers began when (case #71),5.4174,12.08,0.3235,False,gpt2,False,,8
2026-07-11T11:20:55.674957+00:00,The recipe for a good cup of coffee is (case #72),7.9113,9.11,0.2093,False,gpt2,False,,8
2026-07-11T11:20:55.691705+00:00,"Artificial intelligence will change the world by, in my opinion,",7.928,3.07,0.75,True,gpt2-medium,False,,8
2026-07-11T11:20:57.332592+00:00,Scientists recently discovered that (case #74),9.5689,12.73,0.3333,False,gpt2,False,,8
2026-07-11T11:20:57.347578+00:00,Artificial intelligence will change the world by,9.5838,3.07,0.75,True,gpt2-medium,False,,8
2026-07-11T11:20:57.363828+00:00,The key to writing clean code is,9.6,19.02,0.6818,True,gpt2,False,,8
2026-07-11T11:20:57.402444+00:00,The key to writing clean code is,9.6386,19.02,0.6818,True,gpt2,False,,8
2026-07-11T11:20:57.418153+00:00,The key to writing clean code is,9.6542,19.02,0.6818,True,gpt2,False,,8
2026-07-11T11:20:57.447146+00:00,"In the future, machine learning models will, in my opinion,",9.6831,10.45,0.5385,True,gpt2-medium,False,,8
2026-07-11T11:20:57.476130+00:00,"The key to writing clean code is, in my opinion,",9.7121,19.02,0.6818,True,gpt2,False,,8
2026-07-11T11:20:57.507331+00:00,"In the future, machine learning models will",9.7432,10.45,0.5385,True,gpt2-medium,False,,8
2026-07-11T11:20:57.525360+00:00,"In the future, machine learning models will",9.7612,10.45,0.5385,True,gpt2-medium,False,,8
2026-07-11T11:20:59.626512+00:00,Scientists recently discovered that (case #83),11.8623,10.29,0.2045,False,gpt2,False,,8
2026-07-11T11:21:01.685791+00:00,The stock market moved today because (case #84),13.9215,10.48,0.2326,False,gpt2,False,,8
2026-07-11T11:21:01.702811+00:00,"Artificial intelligence will change the world by, in my opinion,",13.9385,3.07,0.75,True,gpt2-medium,False,,8
2026-07-11T11:21:01.726529+00:00,"Artificial intelligence will change the world by, in my opinion,",13.9621,3.07,0.75,True,gpt2-medium,False,,8
2026-07-11T11:21:01.758254+00:00,Scientists recently discovered that (case #87),13.9938,10.29,0.2045,True,gpt2,False,,8
2026-07-11T11:21:03.082513+00:00,Space exploration matters because (case #88),15.318,16.48,0.56,False,gpt2,False,,8
2026-07-11T11:21:03.096477+00:00,"In the future, machine learning models will",15.3319,10.45,0.5385,True,gpt2-medium,False,,8
2026-07-11T11:21:03.128747+00:00,"The key to writing clean code is, in my opinion,",15.3641,19.02,0.6818,True,gpt2,False,,8
2026-07-11T11:21:03.170601+00:00,A good leader should always,15.4059,10.05,0.8,True,gpt2-medium,False,,8
2026-07-11T11:21:03.185956+00:00,"In the future, machine learning models will",15.4212,10.45,0.5385,True,gpt2-medium,False,,8
2026-07-11T11:21:03.219783+00:00,Renewable energy is important since (case #93),15.455,21.74,0.7143,True,gpt2,False,,8
2026-07-11T11:21:03.238036+00:00,"A good leader should always, in my opinion,",15.4732,10.05,0.8,True,gpt2-medium,False,,8
2026-07-11T11:21:03.269082+00:00,"In the future, machine learning models will, in my opinion,",15.5042,10.45,0.5385,True,gpt2-medium,False,,8
2026-07-11T11:21:04.560374+00:00,The economy is likely to shift as (case #96),16.7954,16.35,0.6364,False,gpt2,False,,8
2026-07-11T11:21:04.576765+00:00,The best way to learn programming is,16.8118,7.06,0.4483,True,gpt2,False,,8
2026-07-11T11:21:05.767756+00:00,The role of a good manager is to (case #98),18.0027,18.69,0.7143,False,gpt2,False,,8
2026-07-11T11:21:07.541951+00:00,The biggest challenge in software engineering is (case #99),19.7768,11.56,0.2703,False,gpt2,False,,8
2026-07-11T11:21:07.555161+00:00,Artificial intelligence will change the world by,19.79,3.07,0.75,True,gpt2-medium,False,,8
2026-07-11T11:21:07.589595+00:00,A good leader should always,19.8244,10.05,0.8,True,gpt2-medium,False,,8
2026-07-11T11:21:07.608452+00:00,Artificial intelligence will change the world by,19.8432,3.07,0.75,True,gpt2-medium,False,,8
2026-07-11T11:21:07.629202+00:00,"The key to writing clean code is, in my opinion,",19.8639,19.02,0.6818,True,gpt2,False,,8
2026-07-11T11:21:07.662305+00:00,"A good leader should always, in my opinion,",19.8969,10.05,0.8,True,gpt2-medium,False,,8
2026-07-11T11:21:07.685435+00:00,The key to writing clean code is,19.92,19.02,0.6818,True,gpt2,False,,8
2026-07-11T11:21:08.992109+00:00,The best advice I ever received was (case #106),21.2266,16.73,0.5385,False,gpt2,False,,8
2026-07-11T11:21:09.004537+00:00,"The best way to learn programming is, in my opinion,",21.239,7.06,0.4483,True,gpt2,False,,8
2026-07-11T11:21:09.027111+00:00,"The best way to learn programming is, in my opinion,",21.2615,7.06,0.4483,True,gpt2,False,,8
2026-07-11T11:21:09.090151+00:00,The recipe for a good cup of coffee is (case #109),21.3245,9.11,0.2093,True,gpt2,False,,8
2026-07-11T11:21:09.163208+00:00,"In the future, machine learning models will",21.3975,10.45,0.5385,True,gpt2-medium,False,,8
2026-07-11T11:21:09.212404+00:00,The key to writing clean code is,21.4466,19.02,0.6818,True,gpt2,False,,8
2026-07-11T11:21:10.440835+00:00,Scientists recently discovered that (case #112),22.6742,17.11,0.5833,False,gpt2,False,,8
2026-07-11T11:21:10.454891+00:00,The recipe for a good cup of coffee is (case #113),22.6882,9.11,0.2093,True,gpt2,False,,8
2026-07-11T11:21:10.487986+00:00,"In the future, machine learning models will, in my opinion,",22.7212,10.45,0.5385,True,gpt2-medium,False,,8
2026-07-11T11:21:10.530172+00:00,A healthy morning routine includes (case #115),22.7631,13.17,0.4333,True,gpt2,False,,8
2026-07-11T11:21:10.575870+00:00,A good leader should always,22.8087,10.05,0.8,True,gpt2-medium,False,,8
2026-07-11T11:21:10.613457+00:00,The best advice I ever received was (case #117),22.8462,16.73,0.5385,True,gpt2,False,,8
2026-07-11T11:21:12.098044+00:00,Cities of the future will need to (case #118),24.3308,14.86,0.4483,False,gpt2,False,,8
2026-07-11T11:21:12.123424+00:00,Artificial intelligence will change the world by,24.3561,3.07,0.75,True,gpt2-medium,False,,8
2026-07-11T11:21:13.542562+00:00,The role of a good manager is to (case #120),25.7752,15.83,0.5185,False,gpt2,False,,8
2026-07-11T11:21:13.556485+00:00,Scientists recently discovered that (case #121),25.789,17.11,0.5833,True,gpt2,False,,8
2026-07-11T11:21:13.570249+00:00,My favorite way to relax on weekends is (case #122),25.8027,11.2,0.375,True,gpt2,False,,8
2026-07-11T11:21:13.597758+00:00,A good leader should always,25.8302,10.05,0.8,True,gpt2-medium,False,,8
2026-07-11T11:21:15.646871+00:00,The history of computers began when (case #124),27.8792,10.6,0.2439,False,gpt2,False,,8
2026-07-11T11:21:15.674265+00:00,"In the future, machine learning models will",27.9066,10.45,0.5385,True,gpt2-medium,False,,8
2026-07-11T11:21:15.727122+00:00,"The key to writing clean code is, in my opinion,",27.9594,19.02,0.6818,True,gpt2,False,,8
2026-07-11T11:21:17.665618+00:00,Scientists recently discovered that (case #127),29.8978,11.24,0.2381,False,gpt2,False,,8
2026-07-11T11:21:17.684409+00:00,"In the future, machine learning models will, in my opinion,",29.9165,10.45,0.5385,True,gpt2-medium,False,,8
2026-07-11T11:21:17.715373+00:00,The key to writing clean code is,29.9475,19.02,0.6818,True,gpt2,False,,8
2026-07-11T11:21:17.744124+00:00,Artificial intelligence will change the world by,29.9761,3.07,0.75,True,gpt2-medium,False,,8
2026-07-11T11:21:17.775231+00:00,"The best way to learn programming is, in my opinion,",30.0072,7.06,0.4483,True,gpt2,False,,8
2026-07-11T11:21:19.028469+00:00,Climate change is a serious problem because (case #132),31.2604,17.04,0.5833,False,gpt2,False,,8
2026-07-11T11:21:20.523952+00:00,Space exploration matters because (case #133),32.7558,14.81,0.5385,False,gpt2,False,,8
2026-07-11T11:21:22.053379+00:00,The internet has changed how we (case #134),34.2851,14.38,0.4194,False,gpt2,False,,8
2026-07-11T11:21:22.103749+00:00,The best advice I ever received was (case #135),34.3355,16.73,0.5385,True,gpt2,False,,8
2026-07-11T11:21:22.225861+00:00,The most important skill for a data analyst is (case #136),34.4575,17.83,0.8824,True,gpt2,False,,8
2026-07-11T11:21:22.274001+00:00,A good leader should always,34.5056,10.05,0.8,True,gpt2-medium,False,,8
2026-07-11T11:21:22.310123+00:00,"In the future, machine learning models will, in my opinion,",34.5417,10.45,0.5385,True,gpt2-medium,False,,8
2026-07-11T11:21:22.351446+00:00,The best way to learn programming is,34.5829,7.06,0.4483,True,gpt2,False,,8
2026-07-11T11:21:22.382083+00:00,The best way to learn programming is,34.6136,7.06,0.4483,True,gpt2,False,,8
2026-07-11T11:21:22.427510+00:00,A good leader should always,34.6589,10.05,0.8,True,gpt2-medium,False,,8
2026-07-11T11:21:22.461192+00:00,The key to writing clean code is,34.6926,19.02,0.6818,True,gpt2,False,,8
2026-07-11T11:21:25.458403+00:00,Learning a new language requires (case #143),37.6896,7.98,0.2381,False,gpt2,False,,8
2026-07-11T11:21:25.482076+00:00,"The key to writing clean code is, in my opinion,",37.7132,19.02,0.6818,True,gpt2,False,,8
2026-07-11T11:21:25.507440+00:00,"The best way to learn programming is, in my opinion,",37.7386,7.06,0.4483,True,gpt2,False,,8
2026-07-11T11:21:25.590501+00:00,The best way to learn programming is,37.8215,7.06,0.4483,True,gpt2,False,,8
2026-07-11T11:21:25.622527+00:00,"In the future, machine learning models will",37.8535,10.45,0.5385,True,gpt2-medium,False,,8
2026-07-11T11:21:25.646449+00:00,"The key to writing clean code is, in my opinion,",37.8774,19.02,0.6818,True,gpt2,False,,8
2026-07-11T11:21:25.668595+00:00,The best way to learn programming is,37.8995,7.06,0.4483,True,gpt2,False,,8
2026-07-11T11:21:25.681373+00:00,Artificial intelligence will change the world by,37.9122,3.07,0.75,True,gpt2-medium,False,,8
2026-07-11T11:21:25.702640+00:00,Renewable energy is important since (case #151),37.9334,21.74,0.7143,True,gpt2,False,,8
2026-07-11T11:21:25.722050+00:00,"In the future, machine learning models will",37.9528,10.45,0.5385,True,gpt2-medium,False,,8
2026-07-11T11:21:25.753711+00:00,The key to writing clean code is,37.9844,19.02,0.6818,True,gpt2,False,,8
2026-07-11T11:21:27.552415+00:00,Scientists recently discovered that (case #154),39.783,12.42,0.4483,False,gpt2,False,,8
2026-07-11T11:21:27.584442+00:00,"In the future, machine learning models will, in my opinion,",39.815,10.45,0.5385,True,gpt2-medium,False,,8
2026-07-11T11:21:29.023555+00:00,Renewable energy is important since (case #156),41.254,14.78,0.6087,False,gpt2,False,,8
2026-07-11T11:21:29.105773+00:00,Learning a new language requires (case #157),41.3362,7.98,0.2381,True,gpt2,False,,4
2026-07-11T11:21:29.210605+00:00,Climate change is a serious problem because (case #158),41.441,17.04,0.5833,True,gpt2,False,,4
2026-07-11T11:21:29.253258+00:00,The best way to learn programming is,41.4836,7.06,0.4483,True,gpt2,False,,4
2026-07-11T11:21:29.275999+00:00,"The key to writing clean code is, in my opinion,",41.5063,19.02,0.6818,True,gpt2,False,,4
